day_index,time,remaining_fixings_after_today,method,detail,train_states,train_scenarios_per_fit_target,train_scenarios_used,train_paths_per_state,validation_states,benchmark_paths_per_state,max_rel,p99_rel,p95_rel,mae,max_abs,median_error_over_benchmark_se,avg_train_stderr,avg_benchmark_stderr
0,0.0,11,adjusted-moneyness hybrid,"monthly Asian, log value degree=19, log time-value degree=19",61,10000000,10000035,163935,9,500000,0.006512022984141997,0.006050786732007711,0.004205841723470569,0.012395585151232624,0.08400528625374726,3.0807413826368792,0.00044630485208779644,0.00026511287512463044
3,0.2727272727272727,8,adjusted-moneyness hybrid,"monthly Asian, log value degree=19, log time-value degree=19",230,10000000,10000170,43479,63,500000,0.02398795569242369,0.02369595782350808,0.0201483595427625,0.017116609678806176,0.1963636314525541,24.076319131830672,0.00035831190919263393,0.00013467720262060653
6,0.5454545454545454,5,adjusted-moneyness hybrid,"monthly Asian, log value degree=19, log time-value degree=19",230,10000000,10000170,43479,63,500000,0.021535561694007627,0.019603648339205654,0.015521599823973158,0.005622757521652789,0.06632349790274628,26.571160099362565,0.00014637710759588725,4.950004494035209e-05
9,0.8181818181818182,2,adjusted-moneyness hybrid,"monthly Asian, log value degree=19, log time-value degree=19",230,10000000,10000170,43479,63,500000,0.011101784027277205,0.009666324891585488,0.00758171263869383,0.0014371912942554854,0.03656114477244543,2.246650769473008,2.7761893722691926e-05,4.400305747831476e-06
11,1.0,0,adjusted-moneyness hybrid,"monthly Asian, log value degree=19, log time-value degree=19",165,10000000,10000155,60607,63,500000,0.0,0.0,0.0,0.0,0.0,0.0,0.0,0.0
